model,dataset,sensitivity_mean,sensitivity_std,specificity_mean,specificity_std,roc_auc_mean,roc_auc_std,TN,FP,FN,TP,model_parameters,diagnostic_odds_ratio_mean,diagnostic_odds_ratio_std
LR,test,78.64077669902912,,70.10309278350515,,82.68441597437695,,68,29,22,81,null,8.633228840125392,0
NN,test,76.69902912621359,,67.0103092783505,,79.8618756881193,,65,32,24,79,null,6.686197916666667,0
XB,test,77.66990291262135,,75.25773195876289,,82.76448803923532,,73,24,23,80,null,10.579710144927537,0
SP,test,95.14563106796116,,97.9381443298969,,,,95,2,5,98,null,931.0,0
