model,dataset,sensitivity_mean,sensitivity_std,specificity_mean,specificity_std,roc_auc_mean,roc_auc_std,TN,FP,FN,TP,model_parameters,diagnostic_odds_ratio_mean,diagnostic_odds_ratio_std
LR,train,78.38333333333333,6.571001107560062,84.56244588744589,5.016840048213391,82.34973396169048,7.0552135127539675,178,40,49,197,"{""C"": 1.0, ""penalty"": ""l1"", ""solver"": ""liblinear""}",17.89081632653061,0
NN,train,78.08333333333334,8.534977055231801,83.29902597402598,4.003190725368606,80.8273592286178,6.9398649009854925,218,0,0,246,"{""activation"": ""tanh"", ""alpha"": 0.1, ""hidden_layer_sizes"": [20, 10], ""max_iter"": 800, ""solver"": ""lbfgs""}",inf,0
XB,train,78.85,7.291338087834845,85.73008658008658,4.644318587534645,84.32239194825006,7.940582965570159,196,22,32,214,"{""learning_rate"": 0.125, ""max_depth"": 2, ""min_child_weight"": 10, ""n_estimators"": 150, ""subsample"": 0.7}",59.57954545454545,0
SP,train,97.96747967479675,,95.41284403669725,,,,208,10,5,241,null,1002.56,0
